Date,MSFT,AAPL,TSN,PM,META,MSFT_change,AAPL_change,TSN_change,PM_change,META_change
2021-09-14,297.30010986328125,147.2946014404297,73.814453125,96.82241821289062,376.5299987792969,,,,,
2021-09-15,302.288330078125,148.1995391845703,74.57775115966797,98.7596206665039,373.9200134277344,0.01677840017327159,0.006143726486178114,0.010340766643293753,0.020007788375557833,-0.006931679706860039
2021-09-16,302.68499755859375,147.96087646484375,74.17654418945312,97.6485824584961,373.05999755859375,0.001312215659685645,-0.001610414722203246,-0.005379713976033873,-0.011249923810052076,-0.0022999995674390927
2021-09-17,297.37939453125,145.24610900878906,74.18631744384766,96.72745513916016,364.7200012207031,-0.017528463815973172,-0.01834787357926826,0.00013175666919140738,-0.009433084394516955,-0.02235564357601949
2021-09-20,291.85565185546875,142.14349365234375,74.07868194580078,95.90129089355469,355.70001220703125,-0.018574732403662808,-0.02136109103106898,-0.0014508807251194522,-0.008541155604857797,-0.024731270518431492
2021-09-21,292.3515319824219,142.63075256347656,73.90252685546875,95.44548034667969,357.4800109863281,0.0016990595309720469,0.0034279367884719747,-0.002377945796348202,-0.004752913570067796,0.005004213433259075
2021-09-22,296.10009765625,145.0372772216797,73.86338806152344,95.44548034667969,343.2099914550781,0.012822117429689195,0.016872410857764475,-0.0005296002127486155,0.0,-0.03991837051777358
2021-09-23,297.072021484375,146.01182556152344,74.47990417480469,96.3381118774414,345.9599914550781,0.003282416438961544,0.00671929560808171,0.008346707746031523,0.009352266105419282,0.008012587245321834
2021-09-24,296.8637390136719,146.10130310058594,74.58753967285156,96.68946838378906,352.9599914550781,-0.0007011177614856257,0.0006128102208049491,0.0014451616075426,0.003647118461223675,0.020233553511660674
2021-09-27,291.7267761230469,144.5599365234375,75.21382904052734,97.3447036743164,353.5799865722656,-0.01730411032244128,-0.010549985143440188,0.008396702323508087,0.006776697622604688,0.0017565591914017187
2021-09-28,281.16522216796875,141.11923217773438,76.13370513916016,94.61451721191406,340.6499938964844,-0.03620358095145637,-0.02380123033012871,0.012230145843753704,-0.028046584553142795,-0.03656879112737499
2021-09-29,281.6412658691406,142.03411865234375,78.76607513427734,95.64314270019531,339.6099853515625,0.0016931101844719354,0.006483074351319562,0.034575619172948935,0.010871751170884014,-0.0030530120756083745
2021-09-30,279.5785217285156,140.71151733398438,77.2492904663086,91.12487030029297,339.3900146484375,-0.007324012460529938,-0.00931185641104093,-0.019256826817674932,-0.04724094453969796,-0.0006477156521098593
2021-10-01,286.6988830566406,141.85511779785156,76.63277435302734,92.36499786376953,343.010009765625,0.025468198644526874,0.008127269789528269,-0.007980864413895672,0.013609100999429025,0.010666180385234147
2021-10-04,280.75860595703125,138.36465454101562,76.40769958496094,92.47073364257812,326.2300109863281,-0.02071956833691535,-0.024605832422697427,-0.0029370562395345523,0.0011447602582586036,-0.048919851612384324
2021-10-05,286.3617248535156,140.32369995117188,76.63277435302734,92.66300201416016,332.9599914550781,0.019957069089244328,0.014158568289385887,0.0029457079494474847,0.002079234845537181,0.02062955657697607
2021-10-06,290.675537109375,141.20872497558594,76.9361343383789,92.90333557128906,333.6400146484375,0.015064206845611272,0.006307024577616005,0.003958619375491468,0.0025936301641962256,0.0020423570723544504
2021-10-07,292.401123046875,142.4915313720703,76.9948501586914,91.95162200927734,329.2200012207031,0.005936467700929038,0.00908446979254407,0.0007631761176647434,-0.010244126932142494,-0.013247851677478883
2021-10-08,292.401123046875,142.1037139892578,76.88720703125,91.66321563720703,330.04998779296875,0.0,-0.002721687240484827,-0.001398056197518982,-0.0031365011923467634,0.002521069707758228
2021-10-11,291.7862854003906,142.0142059326172,76.6621322631836,91.44210815429688,325.45001220703125,-0.0021027198530486624,-0.000629878376348314,-0.002927337027275878,-0.0024121724442363046,-0.013937208774638554
2021-10-12,290.4474792480469,140.72146606445312,77.54285430908203,91.88433074951172,323.7699890136719,-0.004588310758014691,-0.009102891219047726,0.011488358331527948,0.004836093613115766,-0.005162154341203817
2021-10-13,293.8489990234375,140.12481689453125,77.6113510131836,93.70124816894531,324.5400085449219,0.011711307614708844,-0.004239930030636496,0.000883339989375953,0.019773963684697637,0.002378291865764881
2021-10-14,300.23553466796875,142.9589080810547,77.99299621582031,95.02788543701172,328.5299987792969,0.021734073166000067,0.020225476466860126,0.004917388985689497,0.014158160045792068,0.012294293859990146
2021-10-15,301.68341064453125,144.03289794921875,77.97343444824219,94.56644439697266,324.760009765625,0.004822467061281532,0.00751257744326872,-0.0002508144131813106,-0.004855848763939075,-0.01147532653845873
2021-10-18,304.73779296875,145.73338317871094,77.72879028320312,93.68201446533203,335.3399963378906,0.010124462321919658,0.011806227977803507,-0.003137532247620256,-0.009352471030082854,0.03257786135645535
2021-10-19,305.6700134277344,147.93104553222656,78.38444519042969,92.08619689941406,339.989990234375,0.0030590904065515012,0.015080020140757044,0.008435161602769137,-0.017034407031335963,0.01386650547881274
2021-10-20,304.8568115234375,148.4282684326172,79.49024963378906,93.26863861083984,340.7799987792969,-0.002660391495972303,0.003361180194473068,0.014107447474724033,0.012840596650085967,0.002323622952479454
2021-10-21,308.17901611328125,148.64703369140625,79.45108795166016,92.78797149658203,341.8800048828125,0.010897590161236481,0.0014738786694690198,-0.0004926601980661527,-0.005153577037436796,0.0032279068826102097
2021-10-22,306.59228515625,147.86146545410156,80.73302459716797,93.1340560913086,324.6099853515625,-0.005148731334932877,-0.005284789193543804,0.0161349161925608,0.003729843309909109,-0.05051485692229851
2021-10-25,305.57080078125,147.8117218017578,81.50611877441406,92.80720520019531,328.69000244140625,-0.0033317354168889146,-0.00033642066370020984,0.00957593476899432,-0.0035094669429283076,0.012568982082991065
2021-10-26,307.53436279296875,148.48794555664062,80.72325134277344,92.4803466796875,315.80999755859375,0.006425882337901756,0.004574899383079645,-0.009605014242027421,-0.003521908884151159,-0.039185873580406705
2021-10-27,320.4859313964844,148.0205535888672,78.90308380126953,91.2017822265625,312.2200012207031,0.04211421606968391,-0.00314767617008449,-0.022548243674860968,-0.013825255841150796,-0.011367582931647191
2021-10-28,321.6561279296875,151.7198486328125,79.27495574951172,92.25924682617188,316.9200134277344,0.0036513195075493776,0.024991766036899454,0.004713021726486799,0.011594779989961612,0.015053526963856756
2021-10-29,328.8657531738281,148.9652557373047,78.2572250366211,90.88453674316406,323.57000732421875,0.02241407707835319,-0.018155784627589378,-0.012837985253582374,-0.014900512743161065,0.020983193281356893
2021-11-01,326.6343994140625,148.12994384765625,79.09880065917969,89.80783081054688,329.9800109863281,-0.006784998858139546,-0.005607427621387662,0.010753967089489391,-0.011846965074596927,0.01981025285723259
2021-11-02,330.36322021484375,149.1840362548828,79.78380584716797,90.3846435546875,328.0799865722656,0.011415885183772012,0.007115998155718284,0.00866012104203473,0.006422744419219306,-0.005757998517495699
2021-11-03,331.2259521484375,150.64585876464844,79.9697494506836,91.06719207763672,331.6199951171875,0.002611464838708999,0.009798786428248052,0.0023305933020019154,0.007551598325839848,0.010790077693880074
2021-11-04,333.6457214355469,150.11880493164062,79.33365631103516,90.09624481201172,335.8500061035156,0.007305494244680855,-0.0034986280892806976,-0.007954171971499169,-0.010661877713295964,0.012755596913971656
2021-11-05,333.26885986328125,150.6565704345703,79.81316375732422,90.65381622314453,341.1300048828125,-0.0011295261651914634,0.003582266080352614,0.006044186901069004,0.0061886198730725095,0.015721300233263902
2021-11-08,334.1911315917969,149.82005310058594,79.62723541259766,89.29833984375,338.6199951171875,0.0027673504476055655,-0.005552478272745964,-0.0023295448516724715,-0.014952226347074271,-0.007357927270241871
2021-11-09,333.1597900390625,150.18850708007812,79.77401733398438,90.04817199707031,335.3699951171875,-0.003086082948467128,0.0024593101648737736,0.0018433632742131945,0.008396932738417462,-0.00959777935994377
2021-11-10,328.05255126953125,147.3104248046875,80.77217864990234,90.73072052001953,327.6400146484375,-0.015329697407158394,-0.01916313259480018,0.012512361158133034,0.007579815423365055,-0.0230491116715702
2021-11-11,329.66900634765625,147.2606201171875,81.34954071044922,91.32674407958984,327.739990234375,0.004927427242584992,-0.00033809343477242404,0.007148031292425472,0.006569148312216999,0.00030513851015667726
2021-11-12,333.9233703613281,149.37188720703125,79.49024963378906,91.09603118896484,340.8900146484375,0.01290495597631458,0.014336942817188003,-0.022855581733128738,-0.0025262358025589515,0.04012334413221463
2021-11-15,333.2787780761719,149.3818359375,82.30855560302734,91.67282104492188,347.55999755859375,-0.0019303599040065844,6.660376764844322e-05,0.035454737936063685,0.006331668333174445,0.019566378079554747
2021-11-16,336.6902160644531,150.3777313232422,81.78990173339844,89.47137451171875,342.9599914550781,0.010235989245920507,0.006666776984578293,-0.006301336061956486,-0.024014168082864606,-0.013235142524536725
2021-11-17,336.9187316894531,152.8574676513672,80.82110595703125,89.97126770019531,340.7699890136719,0.0006787118071653886,0.016490050131124256,-0.011844931413722226,0.005587185747449208,-0.006385591602433571
2021-11-18,339.0547790527344,157.2194061279297,80.791748046875,88.01014709472656,338.69000244140625,0.006339948368469184,0.028535985474462233,-0.00036324558800093776,-0.02179718765332561,-0.0061037844860868384
2021-11-19,340.8827819824219,159.8883819580078,79.76423645019531,86.90460968017578,345.29998779296875,0.005391467817662532,0.016976122069220834,-0.012718026549982886,-0.012561476727914966,0.01951632851254903
2021-11-22,337.62408447265625,160.35643005371094,81.34954071044922,86.30858612060547,341.010009765625,-0.009559583768985025,0.0029273427498068827,0.019874875392855706,-0.006858365301492975,-0.012423915954251075
2021-11-23,335.4880676269531,160.7448272705078,81.4571762084961,86.18360900878906,337.25,-0.006326612774202434,0.0024220869513420507,0.001323123610863286,-0.0014480264065706017,-0.011026097938325208
2021-11-24,335.7165832519531,161.2726593017578,81.4571762084961,86.54891204833984,341.05999755859375,0.000681143823136221,0.0032836641788898113,0.0,0.004238660271392636,0.011297249988417413
2021-11-26,327.5399475097656,156.16378784179688,79.59786987304688,85.2511215209961,333.1199951171875,-0.024355769569032515,-0.031678472235034616,-0.022825568255523287,-0.014994879734812838,-0.023280368551700792
2021-11-29,334.44488525390625,159.57965087890625,80.12631225585938,83.97254180908203,338.0299987792969,0.0210812079461995,0.021873592362973815,0.006638901061741143,-0.014997805179597146,0.014739444446683736
2021-11-30,328.444091796875,164.61880493164062,77.70539855957031,82.6170654296875,324.4599914550781,-0.017942548149527004,0.03157767312423965,-0.030213716669732604,-0.01614190008058003,-0.04014438769701845
2021-12-01,327.9373779296875,164.0909881591797,77.01652526855469,83.5111083984375,310.6000061035156,-0.0015427705349039256,-0.003206296951797971,-0.008865192171783609,0.010821528991620921,-0.04271708597847701
2021-12-02,327.3512268066406,163.08514404296875,79.5063247680664,84.44359588623047,310.3900146484375,-0.001787387356535386,-0.006129794984446102,0.0323281203719572,0.0111660293543705,-0.0006760832290780838
2021-12-03,320.91326904296875,161.1730499267578,81.28755950927734,85.9240493774414,306.8399963378906,-0.01966682033385092,-0.01172451437825106,0.022403686076637452,0.017531862252828878,-0.011437282589672804
2021-12-06,324.0726623535156,164.63873291015625,82.15357971191406,87.85633850097656,317.8699951171875,0.009845006783199883,0.021502869027876237,0.01065378525157823,0.0224883386844017,0.03594706984401963
2021-12-07,332.7459716796875,170.47454833984375,82.63579559326172,86.91422271728516,322.80999755859375,0.026763471078318224,0.035446187701603016,0.0058696880043282995,-0.010723367258025807,0.015540952330480362
2021-12-08,332.7956848144531,174.35850524902344,82.2027816772461,86.4143295288086,330.55999755859375,0.00014940266448504325,0.02278320691858915,-0.005240028403029395,-0.005751569453743111,0.024007930543084477
2021-12-09,330.93780517578125,173.84063720703125,82.4192886352539,86.03941345214844,329.82000732421875,-0.00558264341590764,-0.002970133526050578,0.002633815469382572,-0.0043385868837316766,-0.0022385958368837944
2021-12-10,340.3165283203125,178.7104949951172,82.77356719970703,86.55853271484375,329.75,0.028339836059375623,0.028013345247269728,0.004298490927542309,0.0060335053653524096,-0.00021225917974687647
2021-12-13,337.1968994140625,175.01577758789062,83.58053588867188,88.12550354003906,334.489990234375,-0.009166845118124156,-0.020674316901911682,0.009749110933178429,0.018103019726056324,0.01437449654094003
2021-12-14,326.20867919921875,173.61160278320312,84.38751220703125,88.36583709716797,333.739990234375,-0.032586955081549296,-0.00802313268003707,0.009655074710626987,0.00272717371787512,-0.00224221956380366
2021-12-15,332.47772216796875,178.5611114501953,84.54497528076172,89.14452362060547,341.6600036621094,0.01921789139436547,0.028509089183243574,0.0018659523146524748,0.008812076578658345,0.02373108904980903
2021-12-16,322.791015625,171.55010986328125,84.83036041259766,90.73072052001953,334.8999938964844,-0.02913490407659558,-0.039263877391744306,0.003375542199737014,0.01779354283348722,-0.019785780287909893
2021-12-17,321.6981506347656,170.4347381591797,84.07260131835938,89.83667755126953,333.7900085449219,-0.0033856735080384226,-0.006501725385022916,-0.008932640278229376,-0.0098538065566528,-0.003314378536255158
2021-12-20,317.8334045410156,169.0504608154297,83.4919662475586,89.26949310302734,325.45001220703125,-0.012013578835079364,-0.00812203755350116,-0.0069063531007216294,-0.006313506506498978,-0.024985757884865567
2021-12-21,325.16552734375,172.277099609375,83.9151382446289,89.4425277709961,334.20001220703125,0.023069075490421476,0.019086838204293244,0.005068415754104771,0.0019383404336019705,0.026885849352599855
2021-12-22,331.0371398925781,174.9161834716797,83.58053588867188,90.53389739990234,330.45001220703125,0.01805730329654809,0.015318831512073361,-0.003987389676718411,0.012201909495453078,-0.01122082544292946
2021-12-23,332.5174560546875,175.55355834960938,83.86593627929688,90.55338287353516,335.239990234375,0.004471752512693161,0.003643887405266222,0.003414675290011937,0.00021522848559962782,0.014495318052349715
2021-12-27,340.22711181640625,179.5868682861328,84.79100799560547,91.14777374267578,346.17999267578125,0.02318571738516728,0.022974811644040916,0.01103036295007609,0.006563983037174204,0.032633345543763514
2021-12-28,339.0348815917969,178.55113220214844,85.29289245605469,91.4595947265625,346.2200012207031,-0.0035042187503644406,-0.005767326385658356,0.005919076471826212,0.0034210488208634704,0.00011557151126107001
2021-12-29,339.7303771972656,178.64077758789062,85.04685974121094,91.88834381103516,342.94000244140625,0.0020513983758938537,0.0005020712254051318,-0.002884562919126199,0.004687852441884299,-0.009473741458414398
2021-12-30,337.1174011230469,177.46563720703125,84.94845581054688,91.849365234375,344.3599853515625,-0.007691323030267316,-0.0065782314470793635,-0.0011570554276019163,-0.0004241950071525169,0.004140616142903397
2021-12-31,334.13690185546875,176.83824157714844,85.77510833740234,92.5704345703125,336.3500061035156,-0.008841131480158304,-0.003535307678471211,0.009731224881816436,0.00785056417208252,-0.02326048202107267
2022-01-03,332.5770568847656,181.25991821289062,86.40493774414062,93.28176879882812,338.5400085449219,-0.00466828106097017,0.025004074889611205,0.007342799314934201,0.007684248559677309,0.00651108191367844
2022-01-04,326.8743591308594,178.95945739746094,88.11729431152344,93.87616729736328,336.5299987792969,-0.017146996871411302,-0.012691503108413604,0.01981780916795972,0.006372075767742347,-0.005937288695254117
2022-01-05,314.3263244628906,174.1991424560547,88.29444122314453,93.49613952636719,324.1700134277344,-0.03838794422827563,-0.02659996297839573,0.0020103535067115264,-0.004048181577250731,-0.03672773718954081
2022-01-06,311.842529296875,171.29119873046875,89.3966293334961,94.91880798339844,332.4599914550781,-0.007901963573238246,-0.016693214929686118,0.012483097407752108,0.01521633368220554,0.02557293297947738
2022-01-07,312.0014953613281,171.4604949951172,89.56393432617188,96.60456085205078,331.7900085449219,0.0005097639017088706,0.000988353551748089,0.0018714910609396451,0.017759945625815066,-0.002015228681273573
2022-01-10,312.2300109863281,171.48040771484375,89.32774353027344,97.71540832519531,328.07000732421875,0.0007324183646471027,0.0001161359048165167,-0.0026371194797928377,0.011498913336460248,-0.01121191453901016
2022-01-11,312.9354248046875,174.35850524902344,89.54425811767578,98.4072494506836,334.3699951171875,0.0022592761539192985,0.01678382721695937,0.0024238224189438995,0.007080164094344754,0.019203181187918528
2022-01-12,316.20404052734375,174.806640625,89.30806732177734,98.84574890136719,333.260009765625,0.010445016650627803,0.0025701951008154644,-0.002637698953159462,0.004455966944826972,-0.0033196320476467367
2022-01-13,302.8215026855469,171.48040771484375,91.72897338867188,99.48886108398438,326.4800109863281,-0.04232247576431469,-0.019028069518776336,0.027107361512728634,0.006506219941324165,-0.02034447152559682
2022-01-14,308.18646240234375,172.35679626464844,92.2702407836914,100.73612976074219,331.8999938964844,0.017716574514089034,0.005110721169161447,0.005900724438788751,0.012536767062846454,0.01660127030068992
2022-01-18,300.6854248046875,169.10025024414062,92.23088073730469,99.12832641601562,318.1499938964844,-0.02433928323517176,-0.018894212999338245,-0.0004265735740193177,-0.015960543139241556,-0.04142814176817511
2022-01-19,301.36102294921875,165.5449676513672,91.23693084716797,98.89446258544922,319.5899963378906,0.002246860302490772,-0.021024703320311144,-0.010776758090034089,-0.0023592028537327003,0.004526174662994986
2022-01-20,299.64227294921875,163.83204650878906,89.02267456054688,99.41090393066406,316.55999755859375,-0.005703292294337636,-0.010347165286144433,-0.02426929825522317,0.005222146232592317,-0.009480893688841752
2022-01-21,294.1084289550781,161.74070739746094,88.5010986328125,100.28788757324219,303.1700134277344,-0.01846816852533506,-0.012765140617442827,-0.005858911005640843,0.0088218053342497,-0.04229840862435863
2022-01-24,294.4461975097656,160.95394897460938,89.20965576171875,98.00773620605469,308.7099914550781,0.0011484490801147995,-0.004864319165602371,0.008006195853522913,-0.022736059382268525,0.018273502595810953
2022-01-25,286.61737060546875,159.12155151367188,88.85537719726562,99.52783966064453,300.1499938964844,-0.026588310429912165,-0.011384607042021488,-0.003971302897966655,0.015510035364901587,-0.02772828154426399
2022-01-26,294.7840270996094,159.03192138671875,89.1407699584961,98.78726959228516,294.6300048828125,0.02849323638999568,-0.00056328087616353,0.0032118794633764214,-0.007440833347578502,-0.01839076836888298
2022-01-27,297.8936462402344,158.56387329101562,88.58966064453125,99.63502502441406,294.6400146484375,0.010548804734166417,-0.0029431078466628513,-0.006182460777727661,0.008581626313064028,3.397401981852788e-05
2022-01-28,306.259033203125,169.62806701660156,89.84933471679688,100.87254333496094,301.7099914550781,0.028081790492921144,0.06977751927943632,0.014219199657171222,0.012420514876607225,0.02399530428708574
2022-01-31,308.9613952636719,174.0597381591797,89.44583892822266,100.21968078613281,313.260009765625,0.008823779113658059,0.026125812906565793,-0.004490804409916116,-0.006472153147365489,0.03828185554891239
2022-02-01,306.75579833984375,173.8904266357422,89.6131362915039,100.60945129394531,319.0,-0.007138745997524509,-0.0009727207752241451,0.0018703761436626998,0.003889161337923941,0.01832340565484092
2022-02-02,311.4252624511719,175.11537170410156,89.91822052001953,101.24282836914062,323.0,0.015222089155605856,0.007044350238586405,0.0034044587784898273,0.006295403334869665,0.012539184952978122
2022-02-03,299.2945251464844,172.18746948242188,88.88489532470703,101.1551284790039,237.75999450683594,-0.03895232265105486,-0.016719846996796295,-0.011491833238430726,-0.0008662331105266929,-0.2639009457992696
2022-02-04,303.9541015625,171.8983154296875,86.88715362548828,100.94075012207031,237.08999633789062,0.015568532079679898,-0.0016792978815679538,-0.022475603891085938,-0.0021193028980047712,-0.0028179600623520207
2022-02-07,298.9964904785156,171.17039489746094,97.51554870605469,100.93101501464844,224.91000366210938,-0.01631039376833343,-0.004234599567814357,0.1223241254556251,-9.644377924777903e-05,-0.051372866269831285
2022-02-08,302.5830383300781,174.3313446044922,97.14159393310547,101.19409942626953,220.17999267578125,0.011995284111270266,0.018466684667782785,-0.003834822014655792,0.0026065764976495043,-0.021030682981243443
2022-02-09,309.18988037109375,175.7772216796875,97.15142822265625,101.43771362304688,232.0,0.02183480633110846,0.008293844566366282,0.00010123665005479232,0.0024073952746113125,0.05368338503682257
2022-02-10,300.4172058105469,171.6290740966797,96.32477569580078,102.38290405273438,228.07000732421875,-0.02837309730194859,-0.023598891502374708,-0.008508907609272698,0.009317939018222754,-0.016939623602505338
2022-02-11,293.1248474121094,168.1590118408203,96.43302917480469,105.1989974975586,219.5500030517578,-0.024274103671133584,-0.020218382428053405,0.001123838370989505,0.02750550466290469,-0.037356969346474034
2022-02-14,293.0851135253906,168.3983154296875,93.37244415283203,106.44625854492188,217.6999969482422,-0.0001355527757866959,0.0014230791811129517,-0.031737933031479426,0.011856206589727414,-0.008426354260079427
2022-02-15,298.51959228515625,172.2971649169922,92.4670639038086,106.8652572631836,221.0,0.01854232272119427,0.023152544473834746,-0.009696439428548254,0.0039362465528545165,0.015158489196223535
2022-02-16,298.171142578125,172.057861328125,92.94927215576172,108.7166748046875,216.5399932861328,-0.0011672590879676648,-0.0013889003280029844,0.005214919038142751,0.0173247843959643,-0.020181025854602685
2022-02-17,289.4400634765625,168.3983154296875,91.72897338867188,109.03823852539062,207.7100067138672,-0.02928210633017525,-0.02126927459279826,-0.013128653283534075,0.0029578141649460044,-0.040777624669997126
2022-02-18,286.6524658203125,166.8228302001953,90.80390930175781,108.75564575195312,206.16000366210938,-0.009631001398932915,-0.009355706590485569,-0.010084753516148126,-0.0025916850570884,-0.007462341734421285
2022-02-22,286.44342041015625,163.85133361816406,90.9712142944336,105.81288146972656,202.0800018310547,-0.0007292643011390654,-0.01781228971157789,0.0018424866722399624,-0.027058496704974178,-0.01979046254646799
2022-02-23,279.0264892578125,159.61346435546875,90.52835845947266,105.81288146972656,198.4499969482422,-0.025893180376506786,-0.0258641121137968,-0.0048680875417097536,0.0,-0.017963206897866568
2022-02-24,293.2829284667969,162.27584838867188,88.89474487304688,100.16121673583984,207.60000610351562,0.05109349741992353,0.01668019702444301,-0.018045324296442566,-0.053411878170085414,0.04610737866456027
2022-02-25,295.9908752441406,164.37982177734375,91.88644409179688,102.54855346679688,210.47999572753906,0.009233223329772944,0.01296541296541287,0.03365439906512502,0.023834941395063813,0.013872781981458138
2022-02-28,297.46429443359375,164.6490478515625,91.63919830322266,98.4852066040039,211.02999877929688,0.004977920985698603,0.0016378292135115213,-0.002690775456793304,-0.03962363900246135,0.002613089428554316
2022-03-01,293.641357421875,162.73452758789062,92.79630279541016,98.84574890136719,203.49000549316406,-0.012851750893323355,-0.011627885424505435,0.012626741761301519,0.0036608777073796617,-0.035729485522190685
2022-03-02,298.85809326171875,166.08494567871094,93.99297332763672,99.91761016845703,208.11000061035156,0.01776567131294393,0.020588243567492448,0.012895670368084478,0.010843777087059081,0.022703793761225777
2022-03-03,294.6070556640625,165.75587463378906,94.28966522216797,99.85914611816406,202.97000122070312,-0.014224267950252556,-0.001981341798181102,0.0031565327069402738,-0.0005851225844413221,-0.024698473761826323
2022-03-04,288.57391357421875,162.70460510253906,92.47982788085938,97.24768829345703,200.05999755859375,-0.020478606923532983,-0.018408213512741467,-0.019194440207675023,-0.026151413528179734,-0.014337112108232852
2022-03-07,277.6725158691406,158.8456573486328,91.54029083251953,90.81646728515625,187.47000122070312,-0.037776795449233735,-0.023717507881687028,-0.010159372804523836,-0.06613237930030547,-0.06293110312671701
2022-03-08,274.6260986328125,156.99095153808594,91.30294036865234,91.56678009033203,190.2899932861328,-0.010971259531367572,-0.011676150557117126,-0.0025928524118570273,0.008261858532988997,0.015042364362657601
2022-03-09,287.219970703125,162.48524475097656,89.64144897460938,91.4108657836914,198.5,0.0458582492086852,0.03499751520110839,-0.01819756721234156,-0.0017027387714935172,0.04314471072329096
2022-03-10,284.3228454589844,158.06788635253906,88.95904541015625,89.53997039794922,195.2100067138672,-0.010086782047391663,-0.02718621254014486,-0.007612589625212496,-0.02046688180559797,-0.016574273481777424
2022-03-11,278.827392578125,154.28868103027344,86.67449188232422,86.59721374511719,187.61000061035156,-0.019328214276935873,-0.02390874838319057,-0.025680958212836336,-0.03286528507607622,-0.0389324616675798
2022-03-14,275.2134704589844,150.19039916992188,84.55807495117188,87.29878997802734,186.6300048828125,-0.012961144476248077,-0.02656242721750557,-0.024417990635881126,0.00810160284111583,-0.005223579363311304
2022-03-15,285.8759460449219,154.64764404296875,84.755859375,90.290283203125,192.02999877929688,0.03874256433798551,0.029677295603989018,0.002339036501745495,0.03426729311884613,0.028934221482098232
2022-03-16,293.0838317871094,159.13482666015625,86.25912475585938,91.37189483642578,203.6300048828125,0.02521333411190496,0.02901552522805151,0.017736418366171236,0.011979269473189058,0.06040726020546239
2022-03-17,293.9101257324219,160.16188049316406,87.6239242553711,90.94315338134766,207.83999633789062,0.002819309206768983,0.006453985306441812,0.01582208842687116,-0.004692268403163391,0.02067471077015859
2022-03-18,299.0970153808594,163.51229858398438,86.18000030517578,91.49857330322266,216.49000549316406,0.01764787666131551,0.020918948257249825,-0.01647864966635304,0.006107330801979005,0.041618597515806766
2022-03-21,297.8326721191406,164.90830993652344,85.62617492675781,91.73243713378906,211.49000549316406,-0.004227201197941732,0.008537653525933608,-0.006426379397270754,0.0025559287114935714,-0.023095754414204972
2022-03-22,302.7109069824219,168.3385009765625,85.82396697998047,91.25496673583984,216.64999389648438,0.016379112568717158,0.020800595442154624,0.0023099484870350295,-0.005205033386966984,0.024398261238340657
2022-03-23,298.16119384765625,169.72454833984375,84.78553771972656,90.11921691894531,213.4600067138672,-0.015029894958591083,0.008233691967318935,-0.01209952530504832,-0.012445895905942805,-0.014724150807691072
2022-03-24,302.7507629394531,173.57351684570312,85.3789291381836,91.43273162841797,219.57000732421875,0.01539291224511885,0.02267773603469836,0.006998733916373734,0.014575300966652271,0.028623631678892147
2022-03-25,302.3326110839844,174.22166442871094,85.97232055664062,92.29194641113281,221.82000732421875,-0.0013811752327520521,0.003734138679600374,0.006950092071272618,0.009397234091251816,0.010247301202106485
2022-03-28,309.3215026855469,175.09915161132812,85.81407928466797,90.9290542602539,223.58999633789062,0.023116565482316,0.0050366134745327695,-0.0018406071971548421,-0.014767183962158814,0.00797939299986039
2022-03-29,314.01055908203125,178.44956970214844,87.84149932861328,92.46971893310547,229.86000061035156,0.015159167260516027,0.019134405049873182,0.023625727396314744,0.01694359064201767,0.028042418601705643
2022-03-30,312.4674377441406,177.26296997070312,87.73271179199219,92.77587890625,227.85000610351562,-0.004914233911119892,-0.006649496176571734,-0.001238452638588572,0.0033109214202977633,-0.008744429224305073
2022-03-31,306.9420471191406,174.1119842529297,88.64256286621094,92.77587890625,222.36000061035156,-0.017683092564430347,-0.017775769627995097,0.010370716413917958,0.0,-0.024094822673254024
2022-04-01,308.0471496582031,173.8128204345703,90.03704071044922,95.5806884765625,224.85000610351562,0.0036003621837887856,-0.0017182264600740238,0.015731470290891503,0.030232099155285352,0.011198081877717536
2022-04-04,313.572509765625,177.93104553222656,88.86014556884766,95.08688354492188,233.88999938964844,0.017936735053554642,0.023693448431247877,-0.013071233042702413,-0.005166367176374864,0.04020454988100375
2022-04-05,309.50067138671875,174.56068420410156,89.1964111328125,94.47457122802734,231.83999633789062,-0.01298531679945314,-0.01894195202441251,0.003784211266054216,-0.0064395034737388945,-0.008764817038383166
2022-04-06,298.171142578125,171.33990478515625,89.8985824584961,97.79292297363281,223.3000030517578,-0.03660582950541513,-0.0184507721978191,0.007872192577771608,0.03512428479401275,-0.03683572041506755
2022-04-07,300.0328674316406,171.64901733398438,90.43263244628906,98.43486785888672,222.9499969482422,0.006243812990815556,0.0018040896498439096,0.005940582967918662,0.00656432864193035,-0.001567425430954894
2022-04-08,295.6523742675781,169.6048583984375,91.42161560058594,98.82991790771484,222.3300018310547,-0.014600044327012118,-0.011908946333024861,0.010936131433354701,0.004013314158093362,-0.0027808707139450606
2022-04-11,283.9943542480469,165.27723693847656,92.78641510009766,99.98541259765625,216.4600067138672,-0.03943151157981317,-0.025515905032593156,0.01492863028667557,0.01169174997211253,-0.026402172756009867
2022-04-12,280.80853271484375,167.1818084716797,92.41059875488281,99.24471282958984,214.13999938964844,-0.01121790446024351,0.011523495724411692,-0.004050338024261579,-0.007408078326855527,-0.01071794905414336
2022-04-13,286.3438720703125,169.91397094726562,93.44902801513672,99.94590759277344,214.99000549316406,0.019712147996192808,0.016342462738993202,0.011237122951754941,0.0070653110195160185,0.003969394349203181
2022-04-14,278.5884094238281,164.8185577392578,94.39845275878906,100.50884246826172,210.17999267578125,-0.027084437290070595,-0.02998819449396084,0.010159814005754608,0.005632395453167849,-0.022373192680976817
2022-04-18,279.27532958984375,164.5991973876953,94.03253173828125,99.79777526855469,210.77000427246094,0.002465716960143194,-0.001330920222645804,-0.003876345531243275,-0.007074673056070346,0.0028071729814447277
2022-04-19,284.0341491699219,166.92254638671875,96.40609741210938,101.3088150024414,217.30999755859375,0.017039885288353762,0.014115190328364946,0.025241962860623746,0.01514101621825259,0.031029051352480908
2022-04-20,285.0894470214844,166.75302124023438,97.31595611572266,101.77298736572266,200.4199981689453,0.0037153907537053055,-0.0010155916630436579,0.009437771344730228,0.004581756910986057,-0.07772306649211735
2022-04-21,279.5640563964844,165.94534301757812,96.71267700195312,103.7580795288086,188.07000732421875,-0.019381252735684806,-0.00484355975471451,-0.006199179845205904,0.019505098695319578,-0.061620551629364195
2022-04-22,272.8141784667969,161.3285369873047,93.8742904663086,101.41744995117188,184.11000061035156,-0.024144298150097887,-0.02782124491305782,-0.029348650286944333,-0.022558528340791417,-0.021056024669794504
2022-04-25,279.4744873046875,162.41543579101562,93.46881866455078,101.25942993164062,186.99000549316406,0.024413352983782888,0.0067371763483881075,-0.004319306167254955,-0.0015581146992684758,0.01564284869515431
2022-04-26,269.0210876464844,156.352783203125,91.56007385253906,101.49645233154297,180.9499969482422,-0.03740377076640511,-0.03732805664907124,-0.020421193284382855,0.002340743968856529,-0.03230123732544987
2022-04-27,281.96337890625,156.12344360351562,92.58861541748047,100.42984008789062,174.9499969482422,0.048108835530294325,-0.0014668085524990326,0.011233516113124953,-0.010508862321297774,-0.03315833158989334
2022-04-28,288.344970703125,163.1732635498047,94.63581085205078,101.14092254638672,205.72999572753906,0.022632697273062607,0.04515542178401133,0.022110660423417583,0.007080390229375899,0.17593597780057646
2022-04-29,276.2886657714844,157.20034790039062,92.1336898803711,98.76078033447266,200.47000122070312,-0.04181208675927828,-0.036604744671243084,-0.02643947306153893,-0.023532929619288878,-0.025567465202313344
2022-05-02,283.2078552246094,157.5094757080078,91.87654876708984,97.34850311279297,211.1300048828125,0.025043334419110108,0.0019664575285358588,-0.0027909564201230586,-0.01429998038590552,0.05317505660297517
2022-05-03,280.52978515625,159.02513122558594,89.10739135742188,97.76329803466797,212.02999877929688,-0.009456199815628064,0.009622630706916047,-0.030139980733145277,0.004260927580924445,0.004262747481031504
2022-05-04,288.6933898925781,165.54647827148438,91.21393585205078,99.3138427734375,223.41000366210938,0.029100670118793692,0.04100827960737563,0.02364051357063368,0.015860192627909164,0.05367167357604896
2022-05-05,276.11944580078125,156.3228759765625,89.8985824584961,98.53363037109375,208.27999877929688,-0.04355466571810185,-0.05571608886657087,-0.014420531043504048,-0.007856028732305065,-0.0677230412013935
2022-05-06,273.51104736328125,157.06182861328125,89.8194580078125,97.71392059326172,203.77000427246094,-0.009446630714237902,0.004727092129686472,-0.0008801523730379568,-0.008319086333720471,-0.021653517060055916
2022-05-09,263.40606689453125,151.8490753173828,91.81720733642578,98.63240051269531,196.2100067138672,-0.03694541981453647,-0.033189179967675786,0.022241832370437198,0.009399683421329463,-0.03710063993759005
2022-05-10,268.30426025390625,154.29566955566406,91.0754623413086,97.6546630859375,197.64999389648438,0.018595598108741562,0.016112012754556204,-0.008078496576348404,-0.009912943633892057,0.007339009904408833
2022-05-11,259.3939514160156,146.29678344726562,89.20629119873047,102.33592987060547,188.74000549316406,-0.03320971806209294,-0.05184128713030889,-0.020523323127071724,0.04793695085045124,-0.04507962903346585
2022-05-12,254.21705627441406,142.36224365234375,88.5535659790039,102.08902740478516,191.24000549316406,-0.01995765557886453,-0.02689423309392258,-0.007317031242476402,-0.0024126664616473947,0.013245734487861593
2022-05-13,259.9614562988281,146.90594482421875,89.00849151611328,103.1358871459961,198.6199951171875,0.022596438290172216,0.03191647627422167,0.005137292124602233,0.010254380591364853,0.03859019772035732
2022-05-16,260.3397521972656,145.33811950683594,89.789794921875,104.59754943847656,200.0399932861328,0.001455199950882946,-0.010672306823653721,0.008777852454900703,0.01417219876541509,0.007149321336492376
2022-05-17,265.63616943359375,149.03298950195312,90.75898742675781,104.98271942138672,202.6199951171875,0.02034425089378944,0.025422580171359677,0.010794016243450555,0.003682399683146542,0.012897430102211116
2022-05-18,253.54183959960938,140.6246795654297,83.81632995605469,104.86419677734375,192.24000549316406,-0.045529680162805675,-0.05641911877781425,-0.07649553688890398,-0.0011289728890260253,-0.05122885141725553
2022-05-19,252.60382080078125,137.15948486328125,83.19328308105469,99.25458526611328,191.2899932861328,-0.0036996607751581534,-0.024641440697727335,-0.007433478360680645,-0.05349405882678204,-0.004941802850005783
2022-05-20,252.02505493164062,137.39913940429688,84.34049224853516,99.89653778076172,193.5399932861328,-0.0022911999798969074,0.0017472691826927456,0.013789684996116325,0.006467736608110286,0.011762246217628558
2022-05-23,260.097900390625,142.91148376464844,86.37779235839844,101.63472747802734,196.22999572753906,0.03203191627584023,0.04011920587167217,0.024155658279296555,0.01739989929461161,0.013898948717174564
2022-05-24,259.0700988769531,140.16529846191406,87.77226257324219,105.29875183105469,181.27999877929688,-0.003951594811523962,-0.01921598761969956,0.016143851061367842,0.03605090940810052,-0.07618609424524436
2022-05-25,261.96392822265625,140.32508850097656,88.07884979248047,107.22457885742188,183.8300018310547,0.011170063076548109,0.001140011406645769,0.003492985258098491,0.018289172405927978,0.01406665417546904
2022-05-26,265.3367919921875,143.58055114746094,88.7711410522461,106.73078155517578,191.6300048828125,0.012875298490196974,0.023199434123013063,0.007859903500065046,-0.004605262221665685,0.042430522624518296
2022-05-27,272.6612243652344,149.43243408203125,90.03704071044922,105.6444091796875,195.1300048828125,0.0276042847961413,0.0407567939237139,0.014260261197477142,-0.010178622883283861,0.01826436315200408
2022-05-31,271.2941589355469,148.633544921875,89.0728530883789,104.93333435058594,193.63999938964844,-0.005013787467836983,-0.005346156375380273,-0.010708788454865448,-0.006730832560122635,-0.007635962977907473
2022-06-01,271.8429870605469,148.50372314453125,87.61166381835938,104.44940948486328,188.63999938964844,0.0020230001528724895,-0.0008734352491692743,-0.016404428727232134,-0.004611736286829982,-0.025821111422020038
2022-06-02,273.9983825683594,151.00025939941406,87.4824447631836,104.89382934570312,198.86000061035156,0.00792882513217985,0.01681127046527342,-0.0014749069877691978,0.004254881507053998,0.054177275518290546
2022-06-03,269.44805908203125,145.1783447265625,86.88604736328125,104.21237182617188,190.77999877929688,-0.016607118055497527,-0.03855566007639688,-0.00681733805584428,-0.006496640686892485,-0.040631609203736874
2022-06-06,268.1807556152344,145.93728637695312,86.95562744140625,105.05184936523438,194.25,-0.004703331213868789,0.005227650527494632,0.000800819927209595,0.008055449889028177,0.018188495874336352
2022-06-07,271.9228210449219,148.50372314453125,87.85022735595703,104.96295928955078,195.64999389648438,0.01395351959950597,0.017585887961141466,0.010288004823535868,-0.000846154315423342,0.007207175786277276
2022-06-08,269.8372497558594,147.75477600097656,86.78663635253906,102.25691986083984,196.63999938964844,-0.007669717756855543,-0.005043288664391077,-0.01210686682811235,-0.025780898776358363,0.005060084457185532
2022-06-09,264.2291564941406,142.442138671875,84.79862976074219,100.42984008789062,184.0,-0.020783243480256286,-0.03595577397150562,-0.022906828462867512,-0.017867541633716955,-0.06427989945525714
2022-06-10,252.4541473388672,136.93978881835938,83.6356430053711,101.0619125366211,175.57000732421875,-0.044563625420855346,-0.03862866638214868,-0.013714688063385494,0.006293671763066833,-0.0458151775857677
2022-06-13,241.74685668945312,131.6970672607422,82.81061553955078,97.27937316894531,164.25999450683594,-0.04241281342485437,-0.03828486667648712,-0.009864543825738648,-0.03742794167194419,-0.06441882067303795
2022-06-14,243.97215270996094,132.57583618164062,83.41696166992188,97.74354553222656,163.72999572753906,0.009205067031611502,0.006672653683005736,0.0073220821560189275,0.0047715394143743595,-0.0032265846646842844
2022-06-15,251.22674560546875,135.2421417236328,83.60581970214844,96.99296569824219,169.35000610351562,0.029735331737356985,0.020111549878057078,0.0022640243476363953,-0.007679073128536218,0.03432486729755224
2022-06-16,244.4511260986328,129.8795928955078,82.05517578125,97.05221557617188,160.8699951171875,-0.026970136043860893,-0.039651463366229156,-0.018547081129312692,0.0006108677830722886,-0.050073874701514365
2022-06-17,247.1254425048828,131.37750244140625,82.57205963134766,96.7361831665039,163.74000549316406,0.010940086261541415,0.011533063143364997,0.006299222994483822,-0.003256313189676008,0.01784055736363932
2022-06-21,253.2025604248047,135.68153381347656,83.50642395019531,98.85954284667969,157.0500030517578,0.024591227266297366,0.03276079459639525,0.011315744369454261,0.0219500047518002,-0.040857470483507186
2022-06-22,252.59384155273438,135.16226196289062,83.3076171875,97.95094299316406,155.85000610351562,-0.002404078659588027,-0.003827137238143208,-0.002380736155267349,-0.009190815851988776,-0.007640859120815913
2022-06-23,258.3116760253906,138.0782012939453,83.45671844482422,100.31132507324219,158.75,0.022636476160732277,0.021573620393059656,0.0017897673989237806,0.02409759424411928,0.01860759565551895
2022-06-24,267.13299560546875,141.4635009765625,85.28569793701172,102.11865234375,170.16000366210938,0.034149906484331805,0.024517263774391562,0.021915305637097315,0.018017180704055002,0.07187403881643695
2022-06-27,264.3289489746094,141.4635009765625,85.2956314086914,101.43720245361328,169.49000549316406,-0.01049681872695618,0.0,0.00011647288959304447,-0.006673118715304183,-0.003937459770368523
2022-06-28,255.93675231933594,137.24935913085938,85.10677337646484,101.17054748535156,160.67999267578125,-0.03174906376251496,-0.029789605209907255,-0.0022141583233220574,-0.002628768950757032,-0.05197954175379471
2022-06-29,259.708740234375,139.036865234375,85.78269958496094,99.62000274658203,163.94000244140625,0.01473796897419688,0.01302378469987131,0.007942096518054775,-0.015326048709917606,0.020288834417630408
2022-06-30,256.2859802246094,136.5303497314453,85.54412841796875,98.73999786376953,161.25,-0.013179225337879408,-0.018027704369660835,-0.002781110505340356,-0.0088336163275472,-0.01640845676068403
2022-07-01,259.0301818847656,138.73727416992188,84.7389907836914,99.72000122070312,160.02999877929688,0.010707576191843371,0.016164350584449316,-0.009411956719500791,0.00992508991427865,-0.007565899043120106
2022-07-05,262.29327392578125,141.36363220214844,85.2757568359375,98.08000183105469,168.19000244140625,0.012597342970894765,0.018930442795134228,0.006334345586157308,-0.016446042615049117,0.0509904625654789
2022-07-06,265.6461181640625,142.7217559814453,85.16641235351562,95.0,169.77000427246094,0.012782806772353439,0.009607306760162748,-0.001282245816149663,-0.031402954461196564,0.009394148332955377
2022-07-07,267.83148193359375,146.14700317382812,85.5540771484375,94.98999786376953,172.19000244140625,0.008226597793465906,0.023999474844102364,0.004551850714489714,-0.0001052856445312722,0.01425456858127605
2022-07-08,267.09307861328125,146.83602905273438,83.60581970214844,93.88999938964844,170.8800048828125,-0.002756969849032065,0.004714608332315295,-0.022772233787395235,-0.011580150530150157,-0.007607860735349692
2022-07-11,263.9497375488281,144.66903686523438,81.31961059570312,93.2300033569336,162.8800048828125,-0.011768710296698903,-0.014757905137313121,-0.027345095288702326,-0.007029460400524878,-0.04681647806299105
2022-07-12,253.1326904296875,145.6576690673828,82.22415924072266,93.80000305175781,163.27000427246094,-0.040981465712348286,0.006833751185261416,0.011123376494222015,0.006113908337447516,0.002394396966828527
2022-07-13,252.18470764160156,145.28819274902344,82.53229522705078,90.6500015258789,163.49000549316406,-0.0037450034070145577,-0.0025366073803395617,0.003747511548594984,-0.033582104727019835,0.0013474687018197873
2022-07-14,253.54183959960938,148.26405334472656,81.05123138427734,89.62000274658203,158.0500030517578,0.005381499816937918,0.020482466877702388,-0.017945264198686695,-0.011362369133582795,-0.033274220188546644
2022-07-15,256.1762390136719,149.96170043945312,81.43888854980469,90.18000030517578,164.6999969482422,0.010390393231439532,0.011450159741548394,0.004782865835676109,0.0062485777887917315,0.04207525319886685
2022-07-18,253.7114715576172,146.86599731445312,81.38919067382812,89.51000213623047,167.22999572753906,-0.009621374197484212,-0.02064329169333401,-0.0006102474734311913,-0.00742956494431124,0.015361255775201643
2022-07-19,258.98028564453125,150.79054260253906,82.99948120117188,91.43000030517578,175.77999877929688,0.020766952532997873,0.02672194626291291,0.01978506622331566,0.021450096336978586,0.05112720965255524
2022-07-20,261.7144775390625,152.8277130126953,81.85636901855469,89.83000183105469,183.08999633789062,0.010557529071089755,0.013509934873872753,-0.01377252202151169,-0.017499709819321918,0.041586059900773575
2022-07-21,264.2790222167969,155.134521484375,81.7271499633789,93.58999633789062,183.1699981689453,0.009799017241419516,0.015094176482821853,-0.0015786072204899693,0.04185677869524529,0.0004369535892450038
2022-07-22,259.8085021972656,153.87625122070312,81.5879898071289,95.93000030517578,169.27000427246094,-0.01691590948850996,-0.008110833434314624,-0.0017027408433104574,0.025002714593950648,-0.0758857565946135
2022-07-25,258.2817687988281,152.7378387451172,83.18833923339844,95.83999633789062,166.64999389648438,-0.00587637966242649,-0.007398233753128869,0.019615012332730553,-0.0009382254456252737,-0.015478290954369811
2022-07-26,251.36643981933594,151.3897247314453,83.7052230834961,96.52999877929688,159.14999389648438,-0.026774359691172922,-0.008826326369077098,0.006213417107023389,0.007199524914145439,-0.04500450209832396
2022-07-27,268.1707763671875,156.572509765625,85.16641235351562,96.95999908447266,169.5800018310547,0.06685194952806461,0.034234721302080384,0.017456369103299396,0.004454576925448039,0.06553571055336826
2022-07-28,275.82452392578125,157.13174438476562,86.67729949951172,97.16999816894531,160.72000122070312,0.02854057277335098,0.003571729290012371,0.01774041085263267,0.0021658321622888277,-0.052246730243454054
2022-07-29,280.1453552246094,162.28457641601562,87.4824447631836,97.1500015258789,159.10000610351562,0.01566514549660125,0.03279306833527129,0.009288998022791484,-0.00020579029991996123,-0.010079611155321633
2022-08-01,277.421142578125,161.2859649658203,87.64148712158203,98.4800033569336,159.92999267578125,-0.009724282754215996,-0.006153458771309128,0.0018179916991227785,0.013690188473135523,0.005216760153520017
2022-08-02,274.2379150390625,159.7880401611328,86.98544311523438,98.6500015258789,160.19000244140625,-0.011474350907361264,-0.009287384708303259,-0.007485541698277531,0.0017262201782139996,0.0016257723849966155
2022-08-03,281.8717041015625,165.89956665039062,87.03514099121094,98.80999755859375,168.8000030517578,0.027836373615270027,0.038247709172068545,0.0005713355499117334,0.0016218553496207821,0.05374867644128356
2022-08-04,283.0491943359375,165.5800018310547,86.05107879638672,98.0,170.57000732421875,0.004177397792120008,-0.0019262546960678861,-0.011306492798392687,-0.008197526349633,0.010485807111734635
2022-08-05,282.3107604980469,165.35000610351562,86.92579650878906,97.5999984741211,167.11000061035156,-0.0026088533465818964,-0.0013890308309920663,0.010165098737136002,-0.004081648223254186,-0.020284965499769325
2022-08-08,279.72625732421875,164.8699951171875,79.61985778808594,97.63999938964844,170.25,-0.009154816377769603,-0.0029029995077690662,-0.08404799281838526,0.0004098454523844275,0.018790014829632717
2022-08-09,281.7020568847656,164.9199981689453,79.44093322753906,97.37000274658203,168.52999877929688,0.007063332486005436,0.0003032877615012364,-0.002247235369637224,-0.0027652257758518095,-0.010102797184746715
2022-08-10,288.5475158691406,169.24000549316406,78.88429260253906,98.12999725341797,178.33999633789062,0.0243003514425002,0.026194563256017656,-0.007006974898011831,0.007805222197784234,0.058209206845368344
2022-08-11,286.41204833984375,168.49000549316406,80.20632934570312,99.47000122070312,177.49000549316406,-0.007400748271440105,-0.0044315763156265175,0.016759188674292602,0.013655395952214544,-0.004766125727153958
2022-08-12,291.2917175292969,172.10000610351562,81.29972839355469,99.23999786376953,180.5,0.0170372343542724,0.021425606817361276,0.013632328729804133,-0.002312288671066365,0.016958670424695343
2022-08-15,292.848388671875,173.19000244140625,81.55817413330078,101.0,180.88999938964844,0.005344028164554926,0.006333505515595528,0.003178925008150202,0.01773480626880386,0.0021606614384954703
2022-08-16,292.0899963378906,173.02999877929688,81.59793090820312,101.72000122070312,179.47000122070312,-0.0025897097724315588,-0.0009238620004263787,0.0004874652396873458,0.007128724957456756,-0.007850064535002588
2022-08-17,291.32000732421875,174.5500030517578,80.60391998291016,101.16999816894531,174.85000610351562,-0.002636136202285866,0.00878462857992468,-0.012181815325822631,-0.005407029543427422,-0.02574243653960895
2022-08-18,290.1700134277344,174.14999389648438,81.28978729248047,100.5,174.66000366210938,-0.003947528036426617,-0.0022916594000563784,0.0085091061292768,-0.006622498577359637,-0.0010866596212399937
2022-08-19,286.1499938964844,171.52000427246094,81.25997161865234,100.12999725341797,167.9600067138672,-0.013854014354419686,-0.015101864577650947,-0.00036678252977639936,-0.003681619368975486,-0.0383602244804927
2022-08-22,277.75,167.57000732421875,79.96775817871094,98.29000091552734,163.0500030517578,-0.029355212565627675,-0.023029365962279114,-0.01590221377390677,-0.018376074986138247,-0.029233171385102064
2022-08-23,276.44000244140625,167.22999572753906,79.35147857666016,97.80000305175781,161.11000061035156,-0.004716462857223269,-0.0020290719210975805,-0.007706600961271515,-0.004985225955900119,-0.01189820548970133
2022-08-24,275.7900085449219,167.52999877929688,79.05327606201172,97.63999938964844,163.25999450683594,-0.0023513018765153326,0.001793954789346408,-0.0037579956920443802,-0.0016360292138712929,0.013344881685428023
2022-08-25,278.8500061035156,170.02999877929688,79.56021881103516,98.19000244140625,168.77999877929688,0.01109538947671962,0.014922700520600518,0.006412672241764783,0.005632968611182898,0.03381112616802029
2022-08-26,268.0899963378906,163.6199951171875,77.84058380126953,96.55000305175781,161.77999877929688,-0.03858708814813738,-0.03769925135640162,-0.021614256917140473,-0.016702305213069812,-0.041474108606633364
2022-08-29,265.2300109863281,161.3800048828125,77.19448852539062,96.23999786376953,159.1699981689453,-0.010668004739564751,-0.013690198638440787,-0.008300236770171443,-0.0032108252531292125,-0.01613302404527872
2022-08-30,262.9700012207031,158.91000366210938,76.27999877929688,95.48999786376953,157.16000366210938,-0.00852094284964422,-0.015305497248539135,-0.01184656785170557,-0.007793017629340038,-0.012627973424379269
2022-08-31,261.4700012207031,157.22000122070312,75.37999725341797,95.48999786376953,162.92999267578125,-0.005704072681435246,-0.010634965719336975,-0.011798656794462015,0.0,0.036714105874400715
2022-09-01,260.3999938964844,157.9600067138672,74.81999969482422,96.4800033569336,165.36000061035156,-0.004092275669190681,0.004706815210650195,-0.007428994149616508,0.010367635514836326,0.014914429778474458
2022-09-02,256.05999755859375,155.80999755859375,74.62000274658203,94.52999877929688,160.32000732421875,-0.016666652993916342,-0.013611098150736467,-0.0026730412865267894,-0.02021148952931273,-0.03047891429323879
2022-09-06,253.25,154.52999877929688,73.05999755859375,94.0999984741211,158.5399932861328,-0.010973981041106362,-0.008215126110989845,-0.02090599210088795,-0.0045488237673599885,-0.011102881466853787
2022-09-07,258.0899963378906,155.9600067138672,73.87999725341797,94.61000061035156,160.38999938964844,0.019111535391473256,0.00925391798269981,0.011223647991044361,0.005419788995753461,0.011669018429796063
2022-09-08,258.5199890136719,154.4600067138672,73.94000244140625,95.62000274658203,162.05999755859375,0.0016660571191542406,-0.009617850316921195,0.0008121980267874473,0.010675426801761922,0.010412109079745324
2022-09-09,264.4599914550781,157.3699951171875,75.56999969482422,97.05999755859375,169.14999389648438,0.02297695611108863,0.01883975318420772,0.022044863397315373,0.015059556271171504,0.04374920674256577
2022-09-12,266.6499938964844,163.42999267578125,75.55999755859375,97.66000366210938,168.9600067138672,0.008281034985128333,0.038507960517385253,-0.00013235591201354868,0.0061818062910357074,-0.0011231876409848462
2022-09-13,251.99000549316406,153.83999633789062,73.2300033569336,94.0199966430664,153.1300048828125,-0.054978393920426805,-0.05867953721882391,-0.030836345645105956,-0.037272239223304804,-0.09369082150820873
